SET statement_timeout = 0;
SET lock_timeout = 0;
SET idle_in_transaction_session_timeout = 0;
SET client_encoding = 'UTF8';
SET standard_conforming_strings = on;
SET check_function_bodies = false;
SET client_min_messages = warning;
SET row_security = off;
SET search_path = public, pg_catalog;
ALTER TABLE ONLY public."ANWENDER" DROP CONSTRAINT fk_adresse;
ALTER TABLE ONLY public."WARTESCHLANGENPLATZ" DROP CONSTRAINT "NEXT_FK";
ALTER TABLE ONLY public."MITARBEITER" DROP CONSTRAINT "MTA_ANW_FK";
ALTER TABLE ONLY public."WARTESCHLANGENPLATZ" DROP CONSTRAINT "MIT_FK";
ALTER TABLE ONLY public."LEITER" DROP CONSTRAINT "LTD_ANW_FK";
ALTER TABLE ONLY public."WARTESCHLANGENPLATZ" DROP CONSTRAINT "DL_FK";
ALTER TABLE ONLY public."DIENSTLEISTUNG" DROP CONSTRAINT "DLT_FK";
ALTER TABLE ONLY public."LEITER" DROP CONSTRAINT "BTR_FK";
ALTER TABLE ONLY public."DIENSTLEISTUNG" DROP CONSTRAINT "BTR_FK";
ALTER TABLE ONLY public."MITARBEITER" DROP CONSTRAINT "BETR_FK";
ALTER TABLE ONLY public."WARTESCHLANGENPLATZ" DROP CONSTRAINT "ANW_FK";
ALTER TABLE ONLY public."ANBIETER" DROP CONSTRAINT "ADR_FK";
DROP INDEX public."nameUnique";
DROP INDEX public."mitarbeiterUnique";
DROP INDEX public."emailUnique";
DROP INDEX public."dlUnique";
DROP INDEX public."betriebsTelUnique";
DROP INDEX public."betriebsNameUnique";
ALTER TABLE ONLY public."WARTESCHLANGENPLATZ" DROP CONSTRAINT "WARTESCHLANGENPLATZ_pkey";
ALTER TABLE ONLY public."MITARBEITER" DROP CONSTRAINT "MITARBEITER_pkey";
ALTER TABLE ONLY public."LEITER" DROP CONSTRAINT "LEITER_pkey";
ALTER TABLE ONLY public."DIENSTLEISTUNG" DROP CONSTRAINT "DIENSTLEISTUNG_pkey";
ALTER TABLE ONLY public."DIENSTLEISTUNGSTYP" DROP CONSTRAINT "DIENSTLEISTUNGSTYP_pkey";
ALTER TABLE ONLY public."ANWENDER" DROP CONSTRAINT "ANWENDER_pkey";
ALTER TABLE ONLY public."ANBIETER" DROP CONSTRAINT "ANBIETER_pkey";
ALTER TABLE ONLY public."ADRESSE" DROP CONSTRAINT "ADRESSE_pkey";
ALTER TABLE public."WARTESCHLANGENPLATZ" ALTER COLUMN "DL_ID" DROP DEFAULT;
ALTER TABLE public."MITARBEITER" ALTER COLUMN "MIT_ID" DROP DEFAULT;
ALTER TABLE public."LEITER" ALTER COLUMN "LEI_ID" DROP DEFAULT;
ALTER TABLE public."DIENSTLEISTUNGSTYP" ALTER COLUMN "DLT_ID" DROP DEFAULT;
ALTER TABLE public."DIENSTLEISTUNG" ALTER COLUMN "DL_ID" DROP DEFAULT;
ALTER TABLE public."ANWENDER" ALTER COLUMN "ID" DROP DEFAULT;
ALTER TABLE public."ANBIETER" ALTER COLUMN "ID" DROP DEFAULT;
ALTER TABLE public."ADRESSE" ALTER COLUMN "ID" DROP DEFAULT;
DROP SEQUENCE public."WARTESCHLANGENPLATZ_DL_ID_seq";
DROP TABLE public."WARTESCHLANGENPLATZ";
DROP SEQUENCE public."MITARBEITER_MIT_ID_seq";
DROP TABLE public."MITARBEITER";
DROP SEQUENCE public."LEITER_LEI_ID_seq";
DROP TABLE public."LEITER";
DROP SEQUENCE public."DIENSTLEISTUNG_DL_ID_seq";
DROP SEQUENCE public."DIENSTLEISTUNGSTYP_DLT_ID_seq";
DROP TABLE public."DIENSTLEISTUNGSTYP";
DROP TABLE public."DIENSTLEISTUNG";
DROP SEQUENCE public."ANWENDER_ID_seq";
DROP TABLE public."ANWENDER";
DROP SEQUENCE public."ANBIETER_ID_seq";
DROP TABLE public."ANBIETER";
DROP SEQUENCE public."ADRESSE_ID_seq";
DROP TABLE public."ADRESSE";
DROP EXTENSION plpgsql;
DROP SCHEMA public;
CREATE SCHEMA public;
ALTER SCHEMA public OWNER TO "David";
COMMENT ON SCHEMA public IS 'standard public schema';
CREATE EXTENSION IF NOT EXISTS plpgsql WITH SCHEMA pg_catalog;
COMMENT ON EXTENSION plpgsql IS 'PL/pgSQL procedural language';
SET search_path = public, pg_catalog;
SET default_tablespace = '';
SET default_with_oids = false;
CREATE TABLE "ADRESSE" (
    "STRASSE" character varying NOT NULL,
    "HAUSNUMMER" character varying NOT NULL,
    "PLZ" character varying NOT NULL,
    "STADT" character varying NOT NULL,
    "LATITUDE" double precision NOT NULL,
    "LONGITUDE" double precision NOT NULL,
    "ID" bigint NOT NULL
);
ALTER TABLE "ADRESSE" OWNER TO noqueue;
CREATE SEQUENCE "ADRESSE_ID_seq"
    START WITH 1
    INCREMENT BY 1
    NO MINVALUE
    NO MAXVALUE
    CACHE 1;
ALTER TABLE "ADRESSE_ID_seq" OWNER TO noqueue;
ALTER SEQUENCE "ADRESSE_ID_seq" OWNED BY "ADRESSE"."ID";
CREATE TABLE "ANBIETER" (
    "NAME" character varying NOT NULL,
    "TEL" character varying NOT NULL,
    "OEFFNUNGSZEITEN" character varying NOT NULL,
    "KONTAKTEMAIL" character varying NOT NULL,
    "ADRESSE_ID" bigint NOT NULL,
    "ID" bigint NOT NULL
);
ALTER TABLE "ANBIETER" OWNER TO noqueue;
CREATE SEQUENCE "ANBIETER_ID_seq"
    START WITH 1
    INCREMENT BY 1
    NO MINVALUE
    NO MAXVALUE
    CACHE 1;
ALTER TABLE "ANBIETER_ID_seq" OWNER TO noqueue;
ALTER SEQUENCE "ANBIETER_ID_seq" OWNED BY "ANBIETER"."ID";
CREATE TABLE "ANWENDER" (
    "NUTZEREMAIL" character varying NOT NULL,
    "PASSWORD" character varying NOT NULL,
    "NUTZERNAME" character varying NOT NULL,
    "ADRESSE_ID" bigint,
    "ID" bigint NOT NULL
);
ALTER TABLE "ANWENDER" OWNER TO noqueue;
CREATE SEQUENCE "ANWENDER_ID_seq"
    START WITH 1
    INCREMENT BY 1
    NO MINVALUE
    NO MAXVALUE
    CACHE 1;
ALTER TABLE "ANWENDER_ID_seq" OWNER TO noqueue;
ALTER SEQUENCE "ANWENDER_ID_seq" OWNED BY "ANWENDER"."ID";
CREATE TABLE "DIENSTLEISTUNG" (
    "KOMMENTAR" character varying NOT NULL,
    "DAUER" integer NOT NULL,
    "BTR_ID" bigint NOT NULL,
    "DLT_ID" bigint NOT NULL,
    "DL_ID" bigint NOT NULL
);
ALTER TABLE "DIENSTLEISTUNG" OWNER TO noqueue;
CREATE TABLE "DIENSTLEISTUNGSTYP" (
    "NAME" character varying NOT NULL,
    "DLT_ID" bigint NOT NULL
);
ALTER TABLE "DIENSTLEISTUNGSTYP" OWNER TO noqueue;
CREATE SEQUENCE "DIENSTLEISTUNGSTYP_DLT_ID_seq"
    START WITH 1
    INCREMENT BY 1
    NO MINVALUE
    NO MAXVALUE
    CACHE 1;
ALTER TABLE "DIENSTLEISTUNGSTYP_DLT_ID_seq" OWNER TO noqueue;
ALTER SEQUENCE "DIENSTLEISTUNGSTYP_DLT_ID_seq" OWNED BY "DIENSTLEISTUNGSTYP"."DLT_ID";
CREATE SEQUENCE "DIENSTLEISTUNG_DL_ID_seq"
    START WITH 1
    INCREMENT BY 1
    NO MINVALUE
    NO MAXVALUE
    CACHE 1;
ALTER TABLE "DIENSTLEISTUNG_DL_ID_seq" OWNER TO noqueue;
ALTER SEQUENCE "DIENSTLEISTUNG_DL_ID_seq" OWNED BY "DIENSTLEISTUNG"."DL_ID";
CREATE TABLE "LEITER" (
    "ANW_ID" bigint NOT NULL,
    "ANB_ID" bigint NOT NULL,
    "LEI_ID" bigint NOT NULL
);
ALTER TABLE "LEITER" OWNER TO noqueue;
CREATE SEQUENCE "LEITER_LEI_ID_seq"
    START WITH 1
    INCREMENT BY 1
    NO MINVALUE
    NO MAXVALUE
    CACHE 1;
ALTER TABLE "LEITER_LEI_ID_seq" OWNER TO noqueue;
ALTER SEQUENCE "LEITER_LEI_ID_seq" OWNED BY "LEITER"."LEI_ID";
CREATE TABLE "MITARBEITER" (
    "ANWESEND" boolean NOT NULL,
    "BETR_ID" bigint NOT NULL,
    "ANW_ID" bigint NOT NULL,
    "MIT_ID" bigint NOT NULL
);
ALTER TABLE "MITARBEITER" OWNER TO noqueue;
CREATE SEQUENCE "MITARBEITER_MIT_ID_seq"
    START WITH 1
    INCREMENT BY 1
    NO MINVALUE
    NO MAXVALUE
    CACHE 1;
ALTER TABLE "MITARBEITER_MIT_ID_seq" OWNER TO noqueue;
ALTER SEQUENCE "MITARBEITER_MIT_ID_seq" OWNED BY "MITARBEITER"."MIT_ID";
CREATE TABLE "WARTESCHLANGENPLATZ" (
    "BEGINNZEIT" timestamp without time zone,
    "ANW_ID" bigint NOT NULL,
    "MIT_ID" bigint NOT NULL,
    "DLT_ID" bigint NOT NULL,
    "NEXT_ID" bigint,
    "DL_ID" bigint NOT NULL
);
ALTER TABLE "WARTESCHLANGENPLATZ" OWNER TO noqueue;
CREATE SEQUENCE "WARTESCHLANGENPLATZ_DL_ID_seq"
    START WITH 1
    INCREMENT BY 1
    NO MINVALUE
    NO MAXVALUE
    CACHE 1;
ALTER TABLE "WARTESCHLANGENPLATZ_DL_ID_seq" OWNER TO noqueue;
ALTER SEQUENCE "WARTESCHLANGENPLATZ_DL_ID_seq" OWNED BY "WARTESCHLANGENPLATZ"."DL_ID";
ALTER TABLE ONLY "ADRESSE" ALTER COLUMN "ID" SET DEFAULT nextval('"ADRESSE_ID_seq"'::regclass);
ALTER TABLE ONLY "ANBIETER" ALTER COLUMN "ID" SET DEFAULT nextval('"ANBIETER_ID_seq"'::regclass);
ALTER TABLE ONLY "ANWENDER" ALTER COLUMN "ID" SET DEFAULT nextval('"ANWENDER_ID_seq"'::regclass);
ALTER TABLE ONLY "DIENSTLEISTUNG" ALTER COLUMN "DL_ID" SET DEFAULT nextval('"DIENSTLEISTUNG_DL_ID_seq"'::regclass);
ALTER TABLE ONLY "DIENSTLEISTUNGSTYP" ALTER COLUMN "DLT_ID" SET DEFAULT nextval('"DIENSTLEISTUNGSTYP_DLT_ID_seq"'::regclass);
ALTER TABLE ONLY "LEITER" ALTER COLUMN "LEI_ID" SET DEFAULT nextval('"LEITER_LEI_ID_seq"'::regclass);
ALTER TABLE ONLY "MITARBEITER" ALTER COLUMN "MIT_ID" SET DEFAULT nextval('"MITARBEITER_MIT_ID_seq"'::regclass);
ALTER TABLE ONLY "WARTESCHLANGENPLATZ" ALTER COLUMN "DL_ID" SET DEFAULT nextval('"WARTESCHLANGENPLATZ_DL_ID_seq"'::regclass);
INSERT INTO "ADRESSE" ("STRASSE", "HAUSNUMMER", "PLZ", "STADT", "LATITUDE", "LONGITUDE", "ID") VALUES ('Ostender Straße', '9', '13353', 'berlin', 52.5468304999999987, 13.3529318000000004, 1);
INSERT INTO "ADRESSE" ("STRASSE", "HAUSNUMMER", "PLZ", "STADT", "LATITUDE", "LONGITUDE", "ID") VALUES ('Bollestraße', '20', '13509', 'Berlin', 52.592872100000001, 13.2973368999999995, 2);
INSERT INTO "ADRESSE" ("STRASSE", "HAUSNUMMER", "PLZ", "STADT", "LATITUDE", "LONGITUDE", "ID") VALUES ('Luxemburger Straße', '1', '13353', 'berlin', 52.546206699999999, 13.3584709000000004, 3);
INSERT INTO "ADRESSE" ("STRASSE", "HAUSNUMMER", "PLZ", "STADT", "LATITUDE", "LONGITUDE", "ID") VALUES ('Gorkistraße', '120', '13509', 'Berlin', 52.5913291000000029, 13.3011108, 4);
INSERT INTO "ADRESSE" ("STRASSE", "HAUSNUMMER", "PLZ", "STADT", "LATITUDE", "LONGITUDE", "ID") VALUES ('Gorkistraße ', '120', '13509', 'Berlin', 52.5913291000000029, 13.3011108, 6);
INSERT INTO "ADRESSE" ("STRASSE", "HAUSNUMMER", "PLZ", "STADT", "LATITUDE", "LONGITUDE", "ID") VALUES ('Bollestraße', '', '', '', 52.5932335999999978, 13.2970729999999993, 7);
INSERT INTO "ADRESSE" ("STRASSE", "HAUSNUMMER", "PLZ", "STADT", "LATITUDE", "LONGITUDE", "ID") VALUES ('Bollestraße', '1020', '13509', 'Berlin', 52.591225399999999, 13.2978073999999999, 8);
INSERT INTO "ADRESSE" ("STRASSE", "HAUSNUMMER", "PLZ", "STADT", "LATITUDE", "LONGITUDE", "ID") VALUES ('Ostender Straße', '20', '13353', 'Berlin', 52.5456622999999965, 13.3506281999999992, 9);
INSERT INTO "ADRESSE" ("STRASSE", "HAUSNUMMER", "PLZ", "STADT", "LATITUDE", "LONGITUDE", "ID") VALUES ('Ostender Straße ', '9', '13353', 'Berlin', 52.5468304999999987, 13.3529318000000004, 10);
SELECT pg_catalog.setval('"ADRESSE_ID_seq"', 10, true);
INSERT INTO "ANBIETER" ("NAME", "TEL", "OEFFNUNGSZEITEN", "KONTAKTEMAIL", "ADRESSE_ID", "ID") VALUES ('Drugstore 3', '+49 17623373437532', 'Mo-Fr 10:00-22:00 Uhr', 'weddingerbude3@something.de', 1, 1);
INSERT INTO "ANBIETER" ("NAME", "TEL", "OEFFNUNGSZEITEN", "KONTAKTEMAIL", "ADRESSE_ID", "ID") VALUES ('Alfredos', '+49 17743753', 'Mo-So 10:00-22:00 Uhr', 'info@alfredos.de', 2, 5);
INSERT INTO "ANBIETER" ("NAME", "TEL", "OEFFNUNGSZEITEN", "KONTAKTEMAIL", "ADRESSE_ID", "ID") VALUES ('Drugstore 5', '+49 17623373432275322', 'Mo-Fr 10:00-22:00 Uhr', 'weddingdrugstore@something.de', 3, 7);
INSERT INTO "ANBIETER" ("NAME", "TEL", "OEFFNUNGSZEITEN", "KONTAKTEMAIL", "ADRESSE_ID", "ID") VALUES ('Alibaba', '0176 25716391', 'Mo-So 10:00 - 22:00 Uhr', 'alibaba@gmail.conm', 4, 8);
INSERT INTO "ANBIETER" ("NAME", "TEL", "OEFFNUNGSZEITEN", "KONTAKTEMAIL", "ADRESSE_ID", "ID") VALUES ('Alibaba3', '0176 2571639', 'Mo-So 10:00 - 22:00 Uhr', 'alibaba2@gmail.conm', 6, 11);
INSERT INTO "ANBIETER" ("NAME", "TEL", "OEFFNUNGSZEITEN", "KONTAKTEMAIL", "ADRESSE_ID", "ID") VALUES ('Annies Massagen', '0176 23743753', 'Mo - Fr.  13-22 Uhr', 'am@anniesmassagen.com', 9, 12);
INSERT INTO "ANBIETER" ("NAME", "TEL", "OEFFNUNGSZEITEN", "KONTAKTEMAIL", "ADRESSE_ID", "ID") VALUES ('Bertas Massagen', '0176 2222222', 'Immer', 'b@g.de', 10, 13);
SELECT pg_catalog.setval('"ANBIETER_ID_seq"', 13, true);
INSERT INTO "ANWENDER" ("NUTZEREMAIL", "PASSWORD", "NUTZERNAME", "ADRESSE_ID", "ID") VALUES ('davidkaatz5@gmx.de', '$2a$10$LdM4yf7zgmjS8Pb5rGyeeeiUXFFc/wEJfeZloUPbjo8MD/CLA0B0S', 'dkaatz5', NULL, 1);
INSERT INTO "ANWENDER" ("NUTZEREMAIL", "PASSWORD", "NUTZERNAME", "ADRESSE_ID", "ID") VALUES ('davidkaatz1@gmx.de', '$2a$10$wYKTFuSiLjFCFKNevBVP7uY.xGFicpXi4YZYta6SdICBWXrly3FRO', 'dkaatz1', NULL, 3);
INSERT INTO "ANWENDER" ("NUTZEREMAIL", "PASSWORD", "NUTZERNAME", "ADRESSE_ID", "ID") VALUES ('dummy1@gmail.com', '$2a$10$p3ckLWcp7jUMaPkZP85vkOmrPunxBhjebLyDTAIeGNhQ7y4R64e.G', 'dummy1', 8, 4);
INSERT INTO "ANWENDER" ("NUTZEREMAIL", "PASSWORD", "NUTZERNAME", "ADRESSE_ID", "ID") VALUES ('dummy2@gmail.com', '$2a$10$5lr0beGZQBCFXZIq54iPJ.TPz6ZwW9z5DdNT.XvEO1DPI66bZWoUu', 'dummy2', NULL, 5);
INSERT INTO "ANWENDER" ("NUTZEREMAIL", "PASSWORD", "NUTZERNAME", "ADRESSE_ID", "ID") VALUES ('dummy3@gmail.com', '$2a$10$y.N3.bsAx/SV9YBIPyrZ.O6d5SA7Nw8Mjwl2ySQxvqSxAuI2vFtdi', 'dummy3', NULL, 6);
INSERT INTO "ANWENDER" ("NUTZEREMAIL", "PASSWORD", "NUTZERNAME", "ADRESSE_ID", "ID") VALUES ('dummy4@gmail.com', '$2a$10$o7dwvtGEhDbkCpkvqd3hEOji3uHfC.hN0kNYidQE8vwhtVu1SmMYe', 'dummy4', NULL, 7);
INSERT INTO "ANWENDER" ("NUTZEREMAIL", "PASSWORD", "NUTZERNAME", "ADRESSE_ID", "ID") VALUES ('dummy6@gmail.com', '$2a$10$tSEWkDCCzwvXiESAwIDsLe7UJAD2qjcgvTlnlXrj8D4nM9mlAxGZW', 'dummy6', NULL, 8);
SELECT pg_catalog.setval('"ANWENDER_ID_seq"', 8, true);
INSERT INTO "DIENSTLEISTUNG" ("KOMMENTAR", "DAUER", "BTR_ID", "DLT_ID", "DL_ID") VALUES ('Chulio is the dude but he even can do it better', 90, 7, 1, 1);
INSERT INTO "DIENSTLEISTUNG" ("KOMMENTAR", "DAUER", "BTR_ID", "DLT_ID", "DL_ID") VALUES ('Chulio is the dude but he even can do it better', 90, 1, 1, 2);
INSERT INTO "DIENSTLEISTUNG" ("KOMMENTAR", "DAUER", "BTR_ID", "DLT_ID", "DL_ID") VALUES ('Arabian Shave , for arabic beards', 25, 8, 2, 3);
INSERT INTO "DIENSTLEISTUNG" ("KOMMENTAR", "DAUER", "BTR_ID", "DLT_ID", "DL_ID") VALUES ('My awesome Service', 50, 11, 3, 4);
INSERT INTO "DIENSTLEISTUNG" ("KOMMENTAR", "DAUER", "BTR_ID", "DLT_ID", "DL_ID") VALUES ('Get a nice massage, ofcourse with Happy End!', 30, 11, 4, 5);
INSERT INTO "DIENSTLEISTUNG" ("KOMMENTAR", "DAUER", "BTR_ID", "DLT_ID", "DL_ID") VALUES ('Haare Waschen', 40, 11, 5, 6);
INSERT INTO "DIENSTLEISTUNG" ("KOMMENTAR", "DAUER", "BTR_ID", "DLT_ID", "DL_ID") VALUES ('Tolle Haare Schneiden', 40, 12, 5, 7);
INSERT INTO "DIENSTLEISTUNG" ("KOMMENTAR", "DAUER", "BTR_ID", "DLT_ID", "DL_ID") VALUES ('Massage ala Berta', 30, 13, 4, 8);
INSERT INTO "DIENSTLEISTUNG" ("KOMMENTAR", "DAUER", "BTR_ID", "DLT_ID", "DL_ID") VALUES ('Tolle nacken Massage', 15, 12, 4, 9);
INSERT INTO "DIENSTLEISTUNGSTYP" ("NAME", "DLT_ID") VALUES ('Haare Schneiden ala Chulio', 1);
INSERT INTO "DIENSTLEISTUNGSTYP" ("NAME", "DLT_ID") VALUES ('Arabian Shave', 2);
INSERT INTO "DIENSTLEISTUNGSTYP" ("NAME", "DLT_ID") VALUES ('Awesomeness', 3);
INSERT INTO "DIENSTLEISTUNGSTYP" ("NAME", "DLT_ID") VALUES ('Massage', 4);
INSERT INTO "DIENSTLEISTUNGSTYP" ("NAME", "DLT_ID") VALUES ('Haare Waschen', 5);
SELECT pg_catalog.setval('"DIENSTLEISTUNGSTYP_DLT_ID_seq"', 5, true);
SELECT pg_catalog.setval('"DIENSTLEISTUNG_DL_ID_seq"', 9, true);
INSERT INTO "LEITER" ("ANW_ID", "ANB_ID", "LEI_ID") VALUES (1, 1, 1);
INSERT INTO "LEITER" ("ANW_ID", "ANB_ID", "LEI_ID") VALUES (1, 5, 2);
INSERT INTO "LEITER" ("ANW_ID", "ANB_ID", "LEI_ID") VALUES (1, 7, 3);
INSERT INTO "LEITER" ("ANW_ID", "ANB_ID", "LEI_ID") VALUES (4, 11, 5);
INSERT INTO "LEITER" ("ANW_ID", "ANB_ID", "LEI_ID") VALUES (1, 8, 8);
INSERT INTO "LEITER" ("ANW_ID", "ANB_ID", "LEI_ID") VALUES (4, 12, 9);
INSERT INTO "LEITER" ("ANW_ID", "ANB_ID", "LEI_ID") VALUES (8, 13, 10);
SELECT pg_catalog.setval('"LEITER_LEI_ID_seq"', 10, true);
INSERT INTO "MITARBEITER" ("ANWESEND", "BETR_ID", "ANW_ID", "MIT_ID") VALUES (true, 1, 1, 1);
INSERT INTO "MITARBEITER" ("ANWESEND", "BETR_ID", "ANW_ID", "MIT_ID") VALUES (true, 8, 3, 3);
INSERT INTO "MITARBEITER" ("ANWESEND", "BETR_ID", "ANW_ID", "MIT_ID") VALUES (true, 8, 1, 4);
INSERT INTO "MITARBEITER" ("ANWESEND", "BETR_ID", "ANW_ID", "MIT_ID") VALUES (true, 8, 4, 5);
INSERT INTO "MITARBEITER" ("ANWESEND", "BETR_ID", "ANW_ID", "MIT_ID") VALUES (true, 11, 4, 9);
INSERT INTO "MITARBEITER" ("ANWESEND", "BETR_ID", "ANW_ID", "MIT_ID") VALUES (true, 12, 1, 11);
INSERT INTO "MITARBEITER" ("ANWESEND", "BETR_ID", "ANW_ID", "MIT_ID") VALUES (true, 13, 4, 12);
INSERT INTO "MITARBEITER" ("ANWESEND", "BETR_ID", "ANW_ID", "MIT_ID") VALUES (true, 11, 3, 14);
SELECT pg_catalog.setval('"MITARBEITER_MIT_ID_seq"', 14, true);
INSERT INTO "WARTESCHLANGENPLATZ" ("BEGINNZEIT", "ANW_ID", "MIT_ID", "DLT_ID", "NEXT_ID", "DL_ID") VALUES ('1970-01-18 05:23:10.937', 3, 1, 1, 6, 5);
INSERT INTO "WARTESCHLANGENPLATZ" ("BEGINNZEIT", "ANW_ID", "MIT_ID", "DLT_ID", "NEXT_ID", "DL_ID") VALUES (NULL, 1, 1, 2, NULL, 6);
INSERT INTO "WARTESCHLANGENPLATZ" ("BEGINNZEIT", "ANW_ID", "MIT_ID", "DLT_ID", "NEXT_ID", "DL_ID") VALUES (NULL, 4, 9, 6, NULL, 13);
SELECT pg_catalog.setval('"WARTESCHLANGENPLATZ_DL_ID_seq"', 13, true);
ALTER TABLE ONLY "ADRESSE"
    ADD CONSTRAINT "ADRESSE_pkey" PRIMARY KEY ("ID");
ALTER TABLE ONLY "ANBIETER"
    ADD CONSTRAINT "ANBIETER_pkey" PRIMARY KEY ("ID");
ALTER TABLE ONLY "ANWENDER"
    ADD CONSTRAINT "ANWENDER_pkey" PRIMARY KEY ("ID");
ALTER TABLE ONLY "DIENSTLEISTUNGSTYP"
    ADD CONSTRAINT "DIENSTLEISTUNGSTYP_pkey" PRIMARY KEY ("DLT_ID");
ALTER TABLE ONLY "DIENSTLEISTUNG"
    ADD CONSTRAINT "DIENSTLEISTUNG_pkey" PRIMARY KEY ("DL_ID");
ALTER TABLE ONLY "LEITER"
    ADD CONSTRAINT "LEITER_pkey" PRIMARY KEY ("LEI_ID");
ALTER TABLE ONLY "MITARBEITER"
    ADD CONSTRAINT "MITARBEITER_pkey" PRIMARY KEY ("MIT_ID");
ALTER TABLE ONLY "WARTESCHLANGENPLATZ"
    ADD CONSTRAINT "WARTESCHLANGENPLATZ_pkey" PRIMARY KEY ("DL_ID");
CREATE UNIQUE INDEX "betriebsNameUnique" ON "ANBIETER" USING btree ("NAME");
CREATE UNIQUE INDEX "betriebsTelUnique" ON "ANBIETER" USING btree ("TEL");
CREATE UNIQUE INDEX "dlUnique" ON "DIENSTLEISTUNG" USING btree ("BTR_ID", "DLT_ID", "DAUER", "KOMMENTAR");
CREATE UNIQUE INDEX "emailUnique" ON "ANWENDER" USING btree ("NUTZEREMAIL");
CREATE UNIQUE INDEX "mitarbeiterUnique" ON "MITARBEITER" USING btree ("BETR_ID", "ANW_ID");
CREATE UNIQUE INDEX "nameUnique" ON "ANWENDER" USING btree ("NUTZERNAME");
ALTER TABLE ONLY "ANBIETER"
    ADD CONSTRAINT "ADR_FK" FOREIGN KEY ("ADRESSE_ID") REFERENCES "ADRESSE"("ID") ON DELETE RESTRICT;
ALTER TABLE ONLY "WARTESCHLANGENPLATZ"
    ADD CONSTRAINT "ANW_FK" FOREIGN KEY ("ANW_ID") REFERENCES "ANWENDER"("ID");
ALTER TABLE ONLY "MITARBEITER"
    ADD CONSTRAINT "BETR_FK" FOREIGN KEY ("BETR_ID") REFERENCES "ANBIETER"("ID");
ALTER TABLE ONLY "DIENSTLEISTUNG"
    ADD CONSTRAINT "BTR_FK" FOREIGN KEY ("BTR_ID") REFERENCES "ANBIETER"("ID");
ALTER TABLE ONLY "LEITER"
    ADD CONSTRAINT "BTR_FK" FOREIGN KEY ("ANB_ID") REFERENCES "ANBIETER"("ID");
ALTER TABLE ONLY "DIENSTLEISTUNG"
    ADD CONSTRAINT "DLT_FK" FOREIGN KEY ("DLT_ID") REFERENCES "DIENSTLEISTUNGSTYP"("DLT_ID");
ALTER TABLE ONLY "WARTESCHLANGENPLATZ"
    ADD CONSTRAINT "DL_FK" FOREIGN KEY ("DLT_ID") REFERENCES "DIENSTLEISTUNG"("DL_ID");
ALTER TABLE ONLY "LEITER"
    ADD CONSTRAINT "LTD_ANW_FK" FOREIGN KEY ("ANW_ID") REFERENCES "ANWENDER"("ID");
ALTER TABLE ONLY "WARTESCHLANGENPLATZ"
    ADD CONSTRAINT "MIT_FK" FOREIGN KEY ("MIT_ID") REFERENCES "MITARBEITER"("MIT_ID");
ALTER TABLE ONLY "MITARBEITER"
    ADD CONSTRAINT "MTA_ANW_FK" FOREIGN KEY ("ANW_ID") REFERENCES "ANWENDER"("ID");
ALTER TABLE ONLY "WARTESCHLANGENPLATZ"
    ADD CONSTRAINT "NEXT_FK" FOREIGN KEY ("NEXT_ID") REFERENCES "WARTESCHLANGENPLATZ"("DL_ID");
ALTER TABLE ONLY "ANWENDER"
    ADD CONSTRAINT fk_adresse FOREIGN KEY ("ADRESSE_ID") REFERENCES "ADRESSE"("ID");
GRANT ALL ON SCHEMA public TO PUBLIC;
